count,x,y,z,time
544,0.8,0.8,0.2,1
7,0,0,0,2
399,0.825772,0.765727,0.198932,3
748,0,0,0,4
129,0.847115,0.727307,0.196786,5
492,0,0,0,6
484,0.863794,0.684844,0.193547,7
638,0,0,0,8
801,0.875527,0.638425,0.189189,9
639,0,0,0,10
199,0.881975,0.58812,0.18368,11
644,0,0,0,12
166,0.882731,0.533989,0.176976,13
263,0,0,0,14
206,0.877296,0.476087,0.169022,15
762,0,0,0,16
159,0.865058,0.414468,0.159749,17
716,0,0,0,18
476,0.845243,0.349199,0.149068,19
186,0,0,0,20
186,0.816868,0.280374,0.13687,21
965,0,0,0,22
933,0.77864,0.208153,0.123014,23
69,0,0,0,24
92,0.72882,0.13282,0.107319,25
719,0,0,0,26
466,0.664969,0.0549228,0.0895516,27
563,0,0,0,28
207,0.58351,-0.0244326,0.0694069,29
353,0,0,0,30
847,0.478862,-0.102815,0.0464987,31
898,0,0,0,32
967,0.341684,-0.174204,0.0204275,33
839,0,0,0,34
563,0.155701,-0.220687,-0.00856411,35
215,0,0,0,36
379,-0.0941556,-0.176574,-0.0340401,37
933,0,0,0,38
733,-0.252779,0.0385503,-0.0265483,39
701,0,0,0,40
698,-0.290842,0.235296,-0.00639927,41
873,0,0,0,42
242,-0.283885,0.395655,0.0147393,43
988,0,0,0,44
493,-0.256998,0.528299,0.0348454,45
315,0,0,0,46
102,-0.219855,0.639951,0.0535669,47
561,0,0,0,48
864,-0.176973,0.735028,0.070901,49
53,0,0,0,50
980,-0.130773,0.816508,0.0869235,51
401,0,0,0,52
480,-0.0826862,0.886481,0.101721,53
392,0,0,0,54
99,-0.0336241,0.946477,0.115374,55
449,0,0,0,56
334,0.015796,0.997645,0.12795,57
486,0,0,0,58
571,0.0651347,1.04087,0.139509,59
267,0,0,0,60
450,0.114065,1.07687,0.150097,61
601,0,0,0,62
5,0.162332,1.10618,0.159755,63
806,0,0,0,64
519,0.209731,1.12928,0.168515,65
891,0,0,0,66
90,0.256088,1.14653,0.176402,67
606,0,0,0,68
291,0.301252,1.15824,0.183437,69
229,0,0,0,70
785,0.345086,1.16466,0.189634,71
847,0,0,0,72
467,0.38746,1.16601,0.195006,73
725,0,0,0,74
278,0.428248,1.16245,0.199556,75
8,0,0,0,76
548,0.467325,1.15413,0.203289,77
237,0,0,0,78
213,0.504562,1.14115,0.206202,79
96,0,0,0,80
729,0.539821,1.1236,0.208288,81
857,0,0,0,82
940,0.57296,1.10154,0.20954,83
242,0,0,0,84
576,0.603818,1.07502,0.209941,85
223,0,0,0,86
238,0.63222,1.04404,0.209472,87
711,0,0,0,88
98,0.657971,1.00861,0.208111,89
625,0,0,0,90
978,0.680846,0.968706,0.205826,91
572,0,0,0,92
288,0.700588,0.92428,0.20258,93
887,0,0,0,94
283,0.716897,0.875266,0.198329,95
797,0,0,0,96
986,0.729419,0.821575,0.193018,97
875,0,0,0,98
327,0.737728,0.763089,0.186581,99
26,0,0,0,100
574,0.741307,0.699664,0.178936,101
88,0,0,0,102
487,0.739513,0.631126,0.169983,103
516,0,0,0,104
165,0.731534,0.557272,0.159598,105
910,0,0,0,106
512,0.716311,0.477865,0.147624,107
915,0,0,0,108
518,0.692431,0.392654,0.133856,109
49,0,0,0,110
992,0.657931,0.301396,0.118027,111
258,0,0,0,112
180,0.609958,0.203945,0.0997721,113
348,0,0,0,114
886,0.544107,0.100502,0.0785863,115
635,0,0,0,116
211,0.453052,-0.0076051,0.0537537,117
710,0,0,0,118
855,0.323413,-0.115064,0.024338,119
188,0,0,0,120
901,0.129541,-0.199653,-0.00991485,121
389,0,0,0,122
191,-0.141921,-0.164591,-0.0382257,123
74,0,0,0,124
921,-0.306351,-0.00545102,-0.0377201,125
519,0,0,0,126
50,-0.386396,0.155189,-0.0268298,127
893,0,0,0,128
248,-0.423313,0.298526,-0.012948,129
366,0,0,0,130
176,-0.435539,0.424481,0.00168771,131
231,0,0,0,132
460,-0.432037,0.535152,0.0162626,133
354,0,0,0,134
249,-0.417745,0.63251,0.030433,135
92,0,0,0,136
613,-0.395657,0.718134,0.0440388,137
112,0,0,0,138
6,-0.367736,0.79325,0.0570002,139
57,0,0,0,140
500,-0.335342,0.858814,0.0692752,141
334,0,0,0,142
130,-0.299468,0.915576,0.0808403,143
188,0,0,0,144
457,-0.260864,0.964128,0.0916805,145
348,0,0,0,146
631,-0.220121,1.00494,0.101785,147
253,0,0,0,148
634,-0.17772,1.03839,0.111143,149
665,0,0,0,150
755,-0.134064,1.06476,0.119743,151
966,0,0,0,152
609,-0.0895014,1.08428,0.127574,153
92,0,0,0,154
222,-0.0443427,1.09712,0.134618,155
551,0,0,0,156
377,0.00112554,1.10339,0.140857,157
813,0,0,0,158
660,0.0466315,1.10317,0.146266,159
444,0,0,0,160
563,0.0919085,1.09648,0.150819,161
225,0,0,0,162
83,0.136686,1.08331,0.154479,163
48,0,0,0,164
43,0.180683,1.0636,0.157207,165
825,0,0,0,166
679,0.223594,1.03724,0.158952,167
536,0,0,0,168
146,0.265084,1.00407,0.159654,169
418,0,0,0,170
719,0.304766,0.963899,0.159241,171
376,0,0,0,172
590,0.34219,0.916439,0.157625,173
466,0,0,0,174
234,0.376809,0.861348,0.154697,175
666,0,0,0,176
136,0.407943,0.798191,0.15032,177
202,0,0,0,178
55,0.434722,0.726424,0.144321,179
589,0,0,0,180
535,0.455985,0.645367,0.136477,181
430,0,0,0,182
794,0.470129,0.554172,0.126489,183
767,0,0,0,184
251,0.474831,0.451794,0.113948,185
684,0,0,0,186
503,0.466513,0.336986,0.0982727,187
96,0,0,0,188
371,0.439251,0.208461,0.0785969,189
730,0,0,0,190
629,0.382252,0.0658035,0.0535925,191
947,0,0,0,192
36,0.273723,-0.0857328,0.0213571,193
736,0,0,0,194
383,0.0720641,-0.208086,-0.0181482,195
110,0,0,0,196
567,-0.183661,-0.174197,-0.0440268,197
99,0,0,0,198
714,-0.351631,-0.0571173,-0.0488798,199
55,0,0,0,200
400,-0.458295,0.0699131,-0.0452169,201
352,0,0,0,202
173,-0.528184,0.19134,-0.0379298,203
847,0,0,0,204
945,-0.57406,0.304085,-0.0289217,205
892,0,0,0,206
858,-0.602981,0.407871,-0.0190615,207
746,0,0,0,208
523,-0.619211,0.503103,-0.00880156,209
226,0,0,0,210
851,-0.625522,0.590312,0.00159875,211
498,0,0,0,212
90,-0.623825,0.670006,0.0119787,213
338,0,0,0,214
552,-0.615499,0.742628,0.0222322,215
764,0,0,0,216
43,-0.601578,0.808552,0.0322852,217
573,0,0,0,218
209,-0.582859,0.868087,0.0420831,219
808,0,0,0,220
396,-0.559976,0.921486,0.0515836,221
338,0,0,0,222
985,-0.533443,0.968952,0.0607519,223
775,0,0,0,224
748,-0.503687,1.01064,0.0695582,225
201,0,0,0,226
359,-0.471069,1.04668,0.0779755,227
278,0,0,0,228
600,-0.435901,1.07715,0.0859779,229
879,0,0,0,230
439,-0.398457,1.10211,0.0935401,231
374,0,0,0,232
352,-0.358982,1.12157,0.100636,233
847,0,0,0,234
323,-0.317702,1.13553,0.107238,235
761,0,0,0,236
333,-0.274827,1.14395,0.113317,237
396,0,0,0,238
548,-0.230559,1.14676,0.11884,239
594,0,0,0,240
194,-0.185098,1.14385,0.123771,241
81,0,0,0,242
140,-0.138645,1.13508,0.128068,243
342,0,0,0,244
13,-0.0914113,1.12028,0.131684,245
61,0,0,0,246
792,-0.043622,1.09923,0.134564,247
487,0,0,0,248
101,0.00447114,1.07163,0.136644,249
722,0,0,0,250
901,0.0525799,1.03714,0.137846,251
810,0,0,0,252
274,0.100363,0.995349,0.138077,253
789,0,0,0,254
295,0.1474,0.945729,0.137221,255
177,0,0,0,256
546,0.193161,0.887635,0.135136,257
729,0,0,0,258
395,0.236947,0.82026,0.131639,259
558,0,0,0,260
696,0.277801,0.74258,0.126487,261
430,0,0,0,262
995,0.31435,0.653277,0.119356,263
800,0,0,0,264
441,0.344524,0.550633,0.109787,265
371,0,0,0,266
321,0.364981,0.432387,0.097107,267
417,0,0,0,268
328,0.369858,0.295632,0.0802705,269
510,0,0,0,270
510,0.347732,0.137257,0.0575639,271
646,0,0,0,272
71,0.273603,-0.0416615,0.0262412,273
564,0,0,0,274
888,0.0963645,-0.204873,-0.0149748,275
167,0,0,0,276
966,-0.147648,-0.226026,-0.0458074,277
740,0,0,0,278
318,-0.333374,-0.158019,-0.0585703,279
128,0,0,0,280
790,-0.46725,-0.0654553,-0.0622316,281
642,0,0,0,282
750,-0.565967,0.032027,-0.0612161,283
600,0,0,0,284
472,-0.639908,0.12811,-0.0575254,285
111,0,0,0,286
716,-0.69537,0.220502,-0.0521777,287
901,0,0,0,288
486,-0.73639,0.308329,-0.0457495,289
74,0,0,0,290
366,-0.7657,0.391271,-0.0385966,291
372,0,0,0,292
564,-0.78524,0.469243,-0.0309535,293
740,0,0,0,294
757,-0.796441,0.542259,-0.0229834,295
18,0,0,0,296
648,-0.800391,0.610368,-0.0148054,297
608,0,0,0,298
244,-0.797942,0.673631,-0.00650975,299
250,0,0,0,300
132,-0.789773,0.732103,0.00183216,301
304,0,0,0,302
809,-0.776438,0.785827,0.0101622,303
83,0,0,0,304
320,-0.758394,0.83483,0.0184312,305
305,0,0,0,306
448,-0.736026,0.879121,0.0265961,307
213,0,0,0,308
891,-0.709661,0.918692,0.0346183,309
874,0,0,0,310
780,-0.679583,0.953513,0.0424614,311
597,0,0,0,312
733,-0.646038,0.983532,0.0500908,313
555,0,0,0,314
614,-0.609246,1.00867,0.0574717,315
326,0,0,0,316
890,-0.569404,1.02884,0.0645693,317
883,0,0,0,318
237,-0.526694,1.04391,0.0713466,319
458,0,0,0,320
475,-0.481286,1.05371,0.0777643,321
45,0,0,0,322
479,-0.433343,1.05807,0.0837797,323
696,0,0,0,324
834,-0.383026,1.05673,0.0893446,325
872,0,0,0,326
726,-0.330501,1.04942,0.0944047,327
903,0,0,0,328
883,-0.275943,1.0358,0.098897,329
901,0,0,0,330
451,-0.219548,1.01546,0.102747,331
911,0,0,0,332
2,-0.161547,0.987884,0.105866,333
967,0,0,0,334
983,-0.102219,0.952464,0.108144,335
799,0,0,0,336
737,-0.0419214,0.908433,0.109444,337
629,0,0,0,338
738,0.0188619,0.854826,0.10959,339
604,0,0,0,340
524,0.079451,0.790411,0.108351,341
407,0,0,0,342
774,0.138836,0.713572,0.105409,343
589,0,0,0,344
695,0.195427,0.622151,0.100312,345
125,0,0,0,346
945,0.246552,0.513184,0.0923872,347
484,0,0,0,348
688,0.287314,0.382554,0.080562,349
802,0,0,0,350
490,0.307741,0.224791,0.0630228,351
563,0,0,0,352
370,0.284963,0.0354359,0.0366264,353
448,0,0,0,354
685,0.167082,-0.165751,-0.00199941,355
536,0,0,0,356
663,-0.0545615,-0.263959,-0.039383,357
247,0,0,0,358
107,-0.254296,-0.256388,-0.0609843,359
588,0,0,0,360
921,-0.41205,-0.206537,-0.0725287,361
61,0,0,0,362
411,-0.536902,-0.140216,-0.0782896,363
185,0,0,0,364
150,-0.636999,-0.0674416,-0.0804473,365
456,0,0,0,366
97,-0.717877,0.00736284,-0.0801833,367
753,0,0,0,368
871,-0.783285,0.082009,-0.0781963,369
220,0,0,0,370
840,-0.83585,0.155315,-0.0749317,371
872,0,0,0,372
685,-0.87748,0.226598,-0.0706906,373
214,0,0,0,374
703,-0.909602,0.295437,-0.0656873,375
735,0,0,0,376
599,-0.933318,0.361559,-0.06008,377
258,0,0,0,378
301,-0.94949,0.424777,-0.05399,379
420,0,0,0,380
291,-0.958811,0.484949,-0.047513,381
211,0,0,0,382
110,-0.961846,0.541964,-0.0407267,383
977,0,0,0,384
999,-0.959058,0.595724,-0.0336957,385
315,0,0,0,386
529,-0.950836,0.646135,-0.0264753,387
710,0,0,0,388
100,-0.937504,0.693104,-0.0191138,389
363,0,0,0,390
588,-0.919337,0.736532,-0.0116547,391
256,0,0,0,392
741,-0.896572,0.776311,-0.00413788,393
551,0,0,0,394
101,-0.869409,0.81232,0.00339905,395
108,0,0,0,396
521,-0.838021,0.844424,0.0109196,397
249,0,0,0,398
724,-0.802557,0.872465,0.0183877,399
547,0,0,0,400
226,-0.763149,0.896266,0.0257664,401
994,0,0,0,402
294,-0.719909,0.91562,0.0330172,403
8,0,0,0,404
105,-0.672939,0.930285,0.040099,405
369,0,0,0,406
632,-0.622331,0.939982,0.0469666,407
101,0,0,0,408
211,-0.568168,0.944377,0.0535693,409
134,0,0,0,410
925,-0.510536,0.943079,0.0598491,411
868,0,0,0,412
121,-0.449521,0.935615,0.0657376,413
194,0,0,0,414
79,-0.385226,0.921416,0.0711529,415
850,0,0,0,416
234,-0.317779,0.899782,0.0759939,417
991,0,0,0,418
784,-0.247352,0.869838,0.0801332,419
947,0,0,0,420
628,-0.174204,0.830479,0.0834051,421
570,0,0,0,422
36,-0.0987346,0.780268,0.0855872,423
320,0,0,0,424
278,-0.0216061,0.717293,0.0863691,425
536,0,0,0,426
856,0.0560302,0.638932,0.0852985,427
899,0,0,0,428
635,0.132035,0.541464,0.0816771,429
38,0,0,0,430
593,0.202101,0.419457,0.0743541,431
482,0,0,0,432
338,0.256594,0.265038,0.0612855,433
71,0,0,0,434
266,0.271387,0.069566,0.0387242,435
332,0,0,0,436
943,0.189056,-0.150813,0.00229808,437
62,0,0,0,438
130,-0.00148106,-0.28484,-0.0354439,439
291,0,0,0,440
613,-0.191466,-0.321309,-0.0610465,441
208,0,0,0,442
980,-0.352915,-0.309964,-0.0775646,443
850,0,0,0,444
101,-0.487825,-0.275349,-0.0882599,445
892,0,0,0,446
917,-0.601023,-0.228504,-0.0950349,447
162,0,0,0,448
987,-0.696449,-0.174919,-0.0990066,449
597,0,0,0,450
316,-0.777019,-0.117614,-0.100873,451
26,0,0,0,452
509,-0.84489,-0.0583934,-0.101096,453
189,0,0,0,454
904,-0.901688,0.00158937,-0.0999999,455
377,0,0,0,456
356,-0.94866,0.0615549,-0.0978187,457
532,0,0,0,458
447,-0.986784,0.120949,-0.0947298,459
585,0,0,0,460
930,-1.01684,0.17936,-0.0908706,461
297,0,0,0,462
57,-1.03945,0.236466,-0.0863504,463
319,0,0,0,464
304,-1.05514,0.292006,-0.0812584,465
318,0,0,0,466
720,-1.06432,0.345759,-0.075669,467
542,0,0,0,468
302,-1.06735,0.397527,-0.0696452,469
3,0,0,0,470
519,-1.06452,0.447128,-0.0632417,471
36,0,0,0,472
928,-1.05607,0.494386,-0.0565069,473
985,0,0,0,474
611,-1.04219,0.539128,-0.0494845,475
316,0,0,0,476
727,-1.02306,0.581173,-0.0422146,477
655,0,0,0,478
460,-0.998808,0.620335,-0.0347352,479
867,0,0,0,480
980,-0.969541,0.656409,-0.0270829,481
726,0,0,0,482
48,-0.93534,0.689173,-0.0192941,483
187,0,0,0,484
151,-0.896266,0.718379,-0.0114057,485
35,0,0,0,486
328,-0.852357,0.743746,-0.00345627,487
622,0,0,0,488
940,-0.803636,0.764951,0.00451246,489
148,0,0,0,490
369,-0.750103,0.78162,0.0124544,491
372,0,0,0,492
864,-0.691749,0.79331,0.0203171,493
250,0,0,0,494
689,-0.628548,0.799493,0.0280387,495
701,0,0,0,496
811,-0.560467,0.799525,0.0355446,497
171,0,0,0,498
81,-0.487475,0.792615,0.0427418,499
43,0,0,0,500
512,-0.409553,0.777761,0.0495107,501
492,0,0,0,502
945,-0.326726,0.753675,0.0556919,503
672,0,0,0,504
977,-0.239113,0.718651,0.0610649,505
350,0,0,0,506
221,-0.14704,0.670358,0.0653104,507
366,0,0,0,508
254,-0.0512881,0.605493,0.0679412,509
679,0,0,0,510
434,0.0463255,0.519173,0.0681648,511
247,0,0,0,512
432,0.1414,0.403904,0.0645873,513
12,0,0,0,514
481,0.22239,0.248275,0.0545562,515
668,0,0,0,516
229,0.256671,0.0404509,0.0330554,517
869,0,0,0,518
260,0.175306,-0.185606,-0.00334434,519
831,0,0,0,520
941,0.00868021,-0.321345,-0.0381167,521
314,0,0,0,522
363,-0.159974,-0.380352,-0.0637875,523
62,0,0,0,524
619,-0.310782,-0.397033,-0.0823598,525
402,0,0,0,526
690,-0.442666,-0.389596,-0.0959291,527
779,0,0,0,528
939,-0.557693,-0.36736,-0.105855,529
846,0,0,0,530
866,-0.658062,-0.335498,-0.113007,531
63,0,0,0,532
596,-0.745611,-0.297124,-0.117965,533
230,0,0,0,534
101,-0.821805,-0.254242,-0.121133,535
632,0,0,0,536
178,-0.8878,-0.208218,-0.122805,537
265,0,0,0,538
755,-0.94452,-0.16003,-0.1232,539
978,0,0,0,540
137,-0.992705,-0.110403,-0.122487,541
23,0,0,0,542
406,-1.03296,-0.0598979,-0.120801,543
885,0,0,0,544
649,-1.06576,-0.00896412,-0.118249,545
705,0,0,0,546
651,-1.09152,0.0420286,-0.114921,547
75,0,0,0,548
796,-1.11056,0.0927643,-0.11089,549
818,0,0,0,550
194,-1.12316,0.142965,-0.106219,551
772,0,0,0,552
608,-1.12952,0.192379,-0.100964,553
621,0,0,0,554
131,-1.12983,0.240768,-0.0951706,555
65,0,0,0,556
757,-1.12421,0.287905,-0.0888827,557
774,0,0,0,558
799,-1.11278,0.333563,-0.0821381,559
127,0,0,0,560
813,-1.09559,0.377511,-0.0749723,561
385,0,0,0,562
192,-1.0727,0.419505,-0.0674187,563
206,0,0,0,564
856,-1.0441,0.459288,-0.0595095,565
281,0,0,0,566
931,-1.00978,0.496573,-0.0512769,567
358,0,0,0,568
913,-0.969699,0.531045,-0.0427537,569
695,0,0,0,570
211,-0.923772,0.562341,-0.0339748,571
228,0,0,0,572
891,-0.871893,0.590041,-0.0249786,573
922,0,0,0,574
32,-0.813923,0.613648,-0.0158092,575
396,0,0,0,576
330,-0.749685,0.632565,-0.00651895,577
529,0,0,0,578
553,-0.67897,0.646052,0.00282726,579
115,0,0,0,580
994,-0.60153,0.653183,0.0121457,581
249,0,0,0,582
856,-0.517088,0.65276,0.0213236,583
826,0,0,0,584
116,-0.425357,0.643189,0.0302027,585
580,0,0,0,586
965,-0.326084,0.622283,0.0385495,587
245,0,0,0,588
219,-0.219184,0.586906,0.0459999,589
925,0,0,0,590
557,-0.105078,0.532351,0.0519471,591
657,0,0,0,592
779,0.0143274,0.451174,0.0552966,593
416,0,0,0,594
435,0.132543,0.331143,0.053884,595
836,0,0,0,596
13,0.227932,0.15397,0.0431733,597
106,0,0,0,598
223,0.237831,-0.0809816,0.0162614,599
480,0,0,0,600
847,0.127059,-0.274829,-0.0189044,601
527,0,0,0,602
453,-0.0205307,-0.388945,-0.0485856,603
955,0,0,0,604
625,-0.165326,-0.45096,-0.0717587,605
638,0,0,0,606
766,-0.298385,-0.481084,-0.0898571,607
977,0,0,0,608
677,-0.418566,-0.490515,-0.104091,609
458,0,0,0,610
420,-0.526536,-0.485689,-0.115298,611
102,0,0,0,612
736,-0.623296,-0.470563,-0.124061,613
131,0,0,0,614
602,-0.709801,-0.447729,-0.130792,615
503,0,0,0,616
700,-0.786879,-0.418976,-0.135793,617
661,0,0,0,618
43,-0.855219,-0.385594,-0.139295,619
32,0,0,0,620
560,-0.915396,-0.348552,-0.141474,621
978,0,0,0,622
376,-0.967878,-0.308597,-0.14247,623
609,0,0,0,624
340,-1.01305,-0.266326,-0.142398,625
5,0,0,0,626
755,-1.05124,-0.222229,-0.141349,627
475,0,0,0,628
111,-1.08269,-0.176718,-0.139401,629
87,0,0,0,630
846,-1.10761,-0.130148,-0.136618,631
68,0,0,0,632
493,-1.12616,-0.0828353,-0.133054,633
479,0,0,0,634
479,-1.13847,-0.035066,-0.128758,635
201,0,0,0,636
57,-1.1446,0.0128919,-0.123769,637
433,0,0,0,638
509,-1.14462,0.0607814,-0.118123,639
566,0,0,0,640
50,-1.13853,0.108349,-0.111851,641
210,0,0,0,642
187,-1.12632,0.155338,-0.104983,643
287,0,0,0,644
176,-1.10794,0.201483,-0.0975434,645
461,0,0,0,646
58,-1.0833,0.246497,-0.0895567,647
408,0,0,0,648
486,-1.05227,0.290069,-0.0810461,649
311,0,0,0,650
580,-1.01471,0.331849,-0.0720349,651
88,0,0,0,652
130,-0.970385,0.371435,-0.0625474,653
375,0,0,0,654
991,-0.919052,0.408354,-0.0526106,655
769,0,0,0,656
152,-0.860385,0.442034,-0.0422567,657
720,0,0,0,658
197,-0.793995,0.471769,-0.0315256,659
482,0,0,0,660
498,-0.719412,0.496662,-0.020471,661
366,0,0,0,662
936,-0.63607,0.515539,-0.00916835,663
852,0,0,0,664
791,-0.543298,0.526808,0.00226955,665
317,0,0,0,666
49,-0.440328,0.528232,0.013665,667
459,0,0,0,668
316,-0.326353,0.516508,0.0247204,669
145,0,0,0,670
457,-0.200771,0.486485,0.0348999,671
513,0,0,0,672
683,-0.0640626,0.429606,0.0431529,673
98,0,0,0,674
730,0.0789302,0.330884,0.0472028,675
623,0,0,0,676
68,0.206183,0.165993,0.0418133,677
75,0,0,0,678
814,0.246698,-0.0687637,0.0188247,679
845,0,0,0,680
125,0.169253,-0.270628,-0.0131685,681
98,0,0,0,682
148,0.0498054,-0.405261,-0.0418902,683
719,0,0,0,684
49,-0.0754324,-0.492423,-0.065705,685
643,0,0,0,686
741,-0.19581,-0.548146,-0.0853249,687
856,0,0,0,688
99,-0.308353,-0.582062,-0.10155,689
392,0,0,0,690
488,-0.412415,-0.600052,-0.114997,691
822,0,0,0,692
263,-0.508093,-0.605907,-0.126118,693
88,0,0,0,694
960,-0.59571,-0.602203,-0.13525,695
794,0,0,0,696
343,-0.675638,-0.590771,-0.142646,697
457,0,0,0,698
615,-0.74823,-0.572963,-0.148502,699
239,0,0,0,700
309,-0.813798,-0.549811,-0.152973,701
323,0,0,0,702
117,-0.872608,-0.522123,-0.156183,703
972,0,0,0,704
295,-0.924884,-0.490552,-0.15823,705
887,0,0,0,706
425,-0.970805,-0.455633,-0.159198,707
128,0,0,0,708
524,-1.01051,-0.417817,-0.159154,709
271,0,0,0,710
859,-1.0441,-0.377494,-0.158154,711
415,0,0,0,712
688,-1.07166,-0.335003,-0.156247,713
99,0,0,0,714
492,-1.09321,-0.290649,-0.15347,715
971,0,0,0,716
910,-1.10876,-0.244712,-0.149858,717
154,0,0,0,718
506,-1.1183,-0.197456,-0.145438,719
955,0,0,0,720
233,-1.12175,-0.149134,-0.140232,721
343,0,0,0,722
219,-1.11902,-0.0999978,-0.134261,723
822,0,0,0,724
502,-1.11,-0.050302,-0.127539,725
570,0,0,0,726
331,-1.09451,-0.000315007,-0.120078,727
257,0,0,0,728
703,-1.07233,0.0496739,-0.111889,729
867,0,0,0,730
227,-1.04319,0.0993428,-0.102979,731
396,0,0,0,732
556,-1.00678,0.148322,-0.0933545,733
724,0,0,0,734
210,-0.962678,0.196176,-0.0830214,735
972,0,0,0,736
211,-0.910398,0.242372,-0.0719868,737
661,0,0,0,738
639,-0.849331,0.286241,-0.0602608,739
86,0,0,0,740
676,-0.778728,0.326911,-0.0478615,741
690,0,0,0,742
327,-0.697661,0.363206,-0.0348217,743
945,0,0,0,744
921,-0.60497,0.393473,-0.021204,745
849,0,0,0,746
953,-0.499214,0.415272,-0.00712987,747
100,0,0,0,748
628,-0.378649,0.424788,0.00715512,749
347,0,0,0,750
148,-0.241399,0.415636,0.0211257,751
7,0,0,0,752
603,-0.0865462,0.376253,0.0335597,753
242,0,0,0,754
888,0.0803954,0.284506,0.0413231,755
969,0,0,0,756
894,0.222902,0.106131,0.0365043,757
935,0,0,0,758
314,0.249293,-0.127551,0.0126622,759
471,0,0,0,760
422,0.184053,-0.314327,-0.0158363,761
143,0,0,0,762
669,0.0880954,-0.448569,-0.0416881,763
905,0,0,0,764
612,-0.0151951,-0.545246,-0.0640487,765
657,0,0,0,766
220,-0.117698,-0.615262,-0.0832776,767
804,0,0,0,768
744,-0.216379,-0.66553,-0.0998334,769
760,0,0,0,770
593,-0.310055,-0.700537,-0.1141,771
612,0,0,0,772
85,-0.39828,-0.723332,-0.126378,773
446,0,0,0,774
168,-0.480928,-0.736076,-0.136899,775
690,0,0,0,776
870,-0.558002,-0.740358,-0.145847,777
487,0,0,0,778
250,-0.629564,-0.737385,-0.153366,779
133,0,0,0,780
166,-0.69569,-0.728098,-0.159571,781
165,0,0,0,782
702,-0.756456,-0.713247,-0.164557,783
282,0,0,0,784
251,-0.811924,-0.693443,-0.1684,785
558,0,0,0,786
458,-0.862141,-0.669191,-0.171163,787
577,0,0,0,788
920,-0.907134,-0.640919,-0.172898,789
706,0,0,0,790
598,-0.946909,-0.608992,-0.173646,791
621,0,0,0,792
44,-0.981451,-0.573728,-0.173443,793
578,0,0,0,794
750,-1.01072,-0.535408,-0.172317,795
411,0,0,0,796
726,-1.03466,-0.494286,-0.170288,797
368,0,0,0,798
265,-1.05317,-0.450593,-0.167375,799
988,0,0,0,800
903,-1.06614,-0.404549,-0.163587,801
660,0,0,0,802
672,-1.07342,-0.356361,-0.158932,803
917,0,0,0,804
823,-1.07481,-0.306235,-0.153414,805
915,0,0,0,806
954,-1.0701,-0.254382,-0.14703,807
502,0,0,0,808
507,-1.059,-0.20102,-0.139774,809
639,0,0,0,810
757,-1.04118,-0.146391,-0.131637,811
445,0,0,0,812
370,-1.01622,-0.0907651,-0.122603,813
61,0,0,0,814
265,-0.983632,-0.0344616,-0.112655,815
605,0,0,0,816
193,-0.942806,0.022129,-0.101767,817
192,0,0,0,818
881,-0.892987,0.0785095,-0.0899143,819
867,0,0,0,820
694,-0.833232,0.13402,-0.0770652,821
469,0,0,0,822
240,-0.762344,0.187748,-0.0631905,823
557,0,0,0,824
908,-0.678776,0.238363,-0.0482683,825
839,0,0,0,826
3,-0.580495,0.283827,-0.0323031,827
582,0,0,0,828
402,-0.464808,0.320803,-0.0153718,829
824,0,0,0,830
355,-0.328199,0.343369,0.00225001,831
714,0,0,0,832
587,-0.16674,0.339983,0.0197017,833
124,0,0,0,834
212,0.0195365,0.286084,0.0342263,835
523,0,0,0,836
291,0.199287,0.135968,0.0372397,837
11,0,0,0,838
995,0.26811,-0.0898606,0.0195165,839
268,0,0,0,840
799,0.241608,-0.283725,-0.00514902,841
729,0,0,0,842
80,0.177346,-0.433195,-0.0290088,843
4,0,0,0,844
822,0.0992024,-0.548649,-0.0505908,845
65,0,0,0,846
381,0.0165237,-0.638776,-0.0698373,847
214,0,0,0,848
422,-0.0666145,-0.709421,-0.0869539,849
126,0,0,0,850
17,-0.14825,-0.764531,-0.102166,851
831,0,0,0,852
241,-0.227362,-0.80686,-0.115671,853
736,0,0,0,854
704,-0.303392,-0.838405,-0.127629,855
985,0,0,0,856
552,-0.376013,-0.860655,-0.138173,857
723,0,0,0,858
501,-0.445031,-0.874757,-0.147408,859
217,0,0,0,860
546,-0.510316,-0.881611,-0.155422,861
721,0,0,0,862
746,-0.571779,-0.881938,-0.162286,863
111,0,0,0,864
679,-0.629348,-0.876326,-0.168056,865
728,0,0,0,866
202,-0.682957,-0.865263,-0.172781,867
390,0,0,0,868
694,-0.732539,-0.849153,-0.176499,869
609,0,0,0,870
497,-0.778022,-0.828343,-0.179239,871
596,0,0,0,872
287,-0.819322,-0.803127,-0.181026,873
85,0,0,0,874
341,-0.856342,-0.773759,-0.181877,875
528,0,0,0,876
342,-0.888968,-0.740461,-0.181805,877
501,0,0,0,878
963,-0.917068,-0.70343,-0.180816,879
960,0,0,0,880
809,-0.940484,-0.66284,-0.178912,881
608,0,0,0,882
522,-0.95903,-0.618849,-0.17609,883
748,0,0,0,884
528,-0.972489,-0.571604,-0.172342,885
805,0,0,0,886
264,-0.980602,-0.521242,-0.167654,887
839,0,0,0,888
868,-0.983064,-0.467901,-0.162008,889
600,0,0,0,890
291,-0.97951,-0.411718,-0.155378,891
480,0,0,0,892
528,-0.969505,-0.352841,-0.147732,893
574,0,0,0,894
947,-0.95252,-0.29144,-0.139029,895
403,0,0,0,896
162,-0.927906,-0.227718,-0.129218,897
398,0,0,0,898
336,-0.894862,-0.161939,-0.11824,899
269,0,0,0,900
863,-0.852375,-0.0944586,-0.10602,901
597,0,0,0,902
558,-0.799143,-0.0257926,-0.0924694,903
316,0,0,0,904
256,-0.733454,0.0432742,-0.0774821,905
795,0,0,0,906
692,-0.652987,0.111472,-0.0609385,907
832,0,0,0,908
290,-0.55451,0.176602,-0.0427182,909
897,0,0,0,910
668,-0.433382,0.234533,-0.0227563,911
330,0,0,0,912
570,-0.282966,0.276638,-0.0012589,913
801,0,0,0,914
944,-0.0955204,0.282584,0.020403,915
3,0,0,0,916
246,0.120917,0.202893,0.0358818,917
189,0,0,0,918
210,0.265568,0.00267141,0.0300447,919
880,0,0,0,920
597,0.297599,-0.198683,0.0114616,921
597,0,0,0,922
502,0.277141,-0.364966,-0.00914481,923
533,0,0,0,924
778,0.233416,-0.50055,-0.028982,925
574,0,0,0,926
769,0.178559,-0.612166,-0.0474314,927
628,0,0,0,928
194,0.118215,-0.704817,-0.0644113,929
581,0,0,0,930
503,0.055323,-0.782016,-0.0799792,931
534,0,0,0,932
385,-0.00844025,-0.846271,-0.0942232,933
830,0,0,0,934
107,-0.0720485,-0.899425,-0.107231,935
431,0,0,0,936
476,-0.134835,-0.942868,-0.119082,937
804,0,0,0,938
585,-0.196341,-0.977675,-0.129841,939
320,0,0,0,940
747,-0.25624,-1.0047,-0.139567,941
646,0,0,0,942
376,-0.314282,-1.02461,-0.148305,943
523,0,0,0,944
915,-0.370269,-1.03797,-0.156095,945
235,0,0,0,946
634,-0.424037,-1.04523,-0.162967,947
822,0,0,0,948
368,-0.475441,-1.04678,-0.168948,949
280,0,0,0,950
432,-0.524346,-1.04292,-0.174057,951
680,0,0,0,952
804,-0.570623,-1.03392,-0.178309,953
999,0,0,0,954
781,-0.614142,-1.02,-0.181712,955
658,0,0,0,956
154,-0.65477,-1.00136,-0.184273,957
971,0,0,0,958
815,-0.692364,-0.978145,-0.185993,959
491,0,0,0,960
737,-0.726769,-0.950487,-0.186868,961
608,0,0,0,962
69,-0.757815,-0.918494,-0.186891,963
407,0,0,0,964
906,-0.785312,-0.882253,-0.186049,965
741,0,0,0,966
859,-0.809043,-0.841831,-0.184325,967
623,0,0,0,968
515,-0.828762,-0.797281,-0.181698,969
534,0,0,0,970
446,-0.844183,-0.748638,-0.178138,971
712,0,0,0,972
484,-0.854972,-0.695928,-0.17361,973
565,0,0,0,974
62,-0.860735,-0.639161,-0.16807,975
274,0,0,0,976
65,-0.860997,-0.578343,-0.161465,977
202,0,0,0,978
187,-0.855186,-0.513475,-0.15373,979
560,0,0,0,980
833,-0.842592,-0.444562,-0.144783,981
784,0,0,0,982
760,-0.822326,-0.371624,-0.134525,983
306,0,0,0,984
98,-0.793246,-0.294723,-0.122833,985
411,0,0,0,986
85,-0.753845,-0.214003,-0.109549,987
324,0,0,0,988
382,-0.702073,-0.129785,-0.0944742,989
997,0,0,0,990
385,-0.635034,-0.0427517,-0.0773507,991
963,0,0,0,992
498,-0.548434,0.0455951,-0.0578501,993
959,0,0,0,994
457,-0.435572,0.131762,-0.0355839,995
425,0,0,0,996
118,-0.285568,0.206707,-0.0102871,997
595,0,0,0,998
586,-0.0827892,0.243483,0.0169093,999
617,0,0,0,1000
360,0.159205,0.165057,0.0361051,1001
683,0,0,0,1002
501,0.298172,-0.0202297,0.031926,1003
735,0,0,0,1004
404,0.34823,-0.199481,0.0182224,1005
255,0,0,0,1006
792,0.354826,-0.353811,0.00224226,1007
869,0,0,0,1008
308,0.338624,-0.485362,-0.0138823,1009
295,0,0,0,1010
710,0.309244,-0.597963,-0.0294647,1011
291,0,0,0,1012
683,0.271721,-0.694733,-0.0442672,1013
486,0,0,0,1014
84,0.228969,-0.778018,-0.0582104,1015
663,0,0,0,1016
422,0.182811,-0.84958,-0.0712765,1017
740,0,0,0,1018
461,0.134464,-0.910762,-0.0834718,1019
412,0,0,0,1020
909,0.084782,-0.962605,-0.0948111,1021
873,0,0,0,1022
726,0.0343943,-1.00593,-0.105311,1023
910,0,0,0,1024
924,-0.0162178,-1.04139,-0.114989,1025
666,0,0,0,1026
387,-0.0666715,-1.06953,-0.123857,1027
462,0,0,0,1028
857,-0.116651,-1.09076,-0.131925,1029
908,0,0,0,1030
317,-0.165885,-1.10544,-0.139202,1031
32,0,0,0,1032
309,-0.214135,-1.11385,-0.145689,1033
310,0,0,0,1034
494,-0.26118,-1.11624,-0.151388,1035
739,0,0,0,1036
887,-0.306814,-1.11277,-0.156293,1037
722,0,0,0,1038
620,-0.35083,-1.10361,-0.160397,1039
346,0,0,0,1040
881,-0.393024,-1.08884,-0.163688,1041
648,0,0,0,1042
449,-0.433181,-1.06856,-0.16615,1043
602,0,0,0,1044
661,-0.471074,-1.04281,-0.16776,1045
404,0,0,0,1046
784,-0.506456,-1.01159,-0.168492,1047
388,0,0,0,1048
835,-0.539053,-0.974897,-0.168312,1049
220,0,0,0,1050
667,-0.568551,-0.932683,-0.167178,1051
642,0,0,0,1052
214,-0.594593,-0.884869,-0.165041,1053
979,0,0,0,1054
478,-0.616754,-0.831347,-0.161839,1055
446,0,0,0,1056
331,-0.634527,-0.771969,-0.157497,1057
71,0,0,0,1058
998,-0.647291,-0.706551,-0.151923,1059
49,0,0,0,1060
48,-0.654269,-0.634867,-0.145001,1061
159,0,0,0,1062
38,-0.654466,-0.556645,-0.136586,1063
506,0,0,0,1064
199,-0.646568,-0.471576,-0.126491,1065
441,0,0,0,1066
102,-0.628777,-0.379324,-0.11447,1067
253,0,0,0,1068
488,-0.598536,-0.279587,-0.10019,1069
427,0,0,0,1070
871,-0.551998,-0.172259,-0.083189,1071
636,0,0,0,1072
176,-0.482992,-0.0579332,-0.0628088,1073
108,0,0,0,1074
369,-0.380787,0.0603696,-0.0381174,1075
513,0,0,0,1076
789,-0.225497,0.170263,-0.00811637,1077
463,0,0,0,1078
492,0.0107047,0.219098,0.0247953,1079
829,0,0,0,1080
146,0.238891,0.102969,0.0390381,1081
192,0,0,0,1082
191,0.360812,-0.0589814,0.0359086,1083
233,0,0,0,1084
564,0.423827,-0.211295,0.0269122,1085
845,0,0,0,1086
69,0.454721,-0.347573,0.0158733,1087
845,0,0,0,1088
755,0.466036,-0.468852,0.00414947,1089
15,0,0,0,1090
589,0.464329,-0.576986,-0.00769073,1091
587,0,0,0,1092
214,0.45341,-0.673618,-0.0193776,1093
404,0,0,0,1094
692,0.435681,-0.760067,-0.0307716,1095
931,0,0,0,1096
428,0.412758,-0.837376,-0.0417955,1097
866,0,0,0,1098
767,0.385783,-0.906375,-0.0524047,1099
315,0,0,0,1100
227,0.355597,-0.967726,-0.0625716,1101
748,0,0,0,1102
173,0.322841,-1.02196,-0.0722786,1103
411,0,0,0,1104
814,0.28802,-1.06952,-0.0815132,1105
679,0,0,0,1106
960,0.25154,-1.11076,-0.0902659,1107
145,0,0,0,1108
765,0.213738,-1.14596,-0.0985283,1109
384,0,0,0,1110
570,0.174899,-1.17536,-0.106292,1111
418,0,0,0,1112
117,0.13527,-1.19916,-0.113549,1113
757,0,0,0,1114
192,0.0950699,-1.2175,-0.120289,1115
902,0,0,0,1116
894,0.0544975,-1.23051,-0.126502,1117
502,0,0,0,1118
975,0.013737,-1.23826,-0.132176,1119
90,0,0,0,1120
142,-0.0270369,-1.24082,-0.137295,1121
566,0,0,0,1122
109,-0.067654,-1.23822,-0.141843,1123
993,0,0,0,1124
266,-0.107945,-1.23047,-0.1458,1125
806,0,0,0,1126
15,-0.147737,-1.21753,-0.149143,1127
13,0,0,0,1128
739,-0.18685,-1.19936,-0.151845,1129
310,0,0,0,1130
295,-0.225093,-1.17589,-0.153876,1131
210,0,0,0,1132
402,-0.262254,-1.147,-0.155198,1133
706,0,0,0,1134
604,-0.2981,-1.11255,-0.155768,1135
480,0,0,0,1136
919,-0.332364,-1.07236,-0.155535,1137
150,0,0,0,1138
453,-0.364735,-1.02621,-0.154436,1139
113,0,0,0,1140
917,-0.394841,-0.973812,-0.152397,1141
770,0,0,0,1142
976,-0.422232,-0.914825,-0.149327,1143
226,0,0,0,1144
616,-0.446342,-0.848825,-0.145113,1145
789,0,0,0,1146
733,-0.466445,-0.775291,-0.13961,1147
251,0,0,0,1148
752,-0.481581,-0.693573,-0.132634,1149
839,0,0,0,1150
684,-0.490425,-0.602858,-0.123937,1151
867,0,0,0,1152
978,-0.491074,-0.502123,-0.11318,1153
870,0,0,0,1154
326,-0.48063,-0.390092,-0.0998773,1155
386,0,0,0,1156
694,-0.45435,-0.265243,-0.0832925,1157
394,0,0,0,1158
842,-0.403674,-0.126178,-0.0622436,1159
980,0,0,0,1160
310,-0.311099,0.0259699,-0.034741,1161
162,0,0,0,1162
570,-0.137169,0.17133,0.00184163,1163
82,0,0,0,1164
729,0.141889,0.185435,0.0370134,1165
692,0,0,0,1166
349,0.334006,0.0858577,0.0494939,1167
654,0,0,0,1168
798,0.462193,-0.0301643,0.0524944,1169
890,0,0,0,1170
223,0.553461,-0.143774,0.0512969,1171
984,0,0,0,1172
346,0.621084,-0.25123,0.0479038,1173
778,0,0,0,1174
471,0.672151,-0.351971,0.0432302,1175
104,0,0,0,1176
146,0.710857,-0.446216,0.0377588,1177
638,0,0,0,1178
270,0.739899,-0.534366,0.0317717,1179
512,0,0,0,1180
277,0.761115,-0.616833,0.0254466,1181
971,0,0,0,1182
868,0.775826,-0.693992,0.0189026,1183
10,0,0,0,1184
128,0.785013,-0.76617,0.0122229,1185
316,0,0,0,1186
960,0.789427,-0.833647,0.00546825,1187
22,0,0,0,1188
886,0.789661,-0.896661,-0.0013157,1189
813,0,0,0,1190
512,0.786189,-0.955418,-0.00809341,1191
955,0,0,0,1192
73,0.779399,-1.01009,-0.0148365,1193
67,0,0,0,1194
638,0.769615,-1.06082,-0.0215218,1195
53,0,0,0,1196
328,0.757106,-1.10774,-0.0281296,1197
684,0,0,0,1198
758,0.742105,-1.15094,-0.0346432,1199
693,0,0,0,1200
781,0.72481,-1.19052,-0.0410476,1201
381,0,0,0,1202
603,0.705394,-1.22654,-0.0473294,1203
80,0,0,0,1204
880,0.684009,-1.25906,-0.053476,1205
227,0,0,0,1206
115,0.660788,-1.28813,-0.0594758,1207
782,0,0,0,1208
757,0.635852,-1.31376,-0.0653171,1209
142,0,0,0,1210
982,0.609309,-1.33597,-0.0709889,1211
233,0,0,0,1212
619,0.581257,-1.35479,-0.0764796,1213
639,0,0,0,1214
97,0.551786,-1.37019,-0.0817777,1215
121,0,0,0,1216
606,0.520978,-1.38216,-0.0868713,1217
717,0,0,0,1218
532,0.488912,-1.39068,-0.0917477,1219
208,0,0,0,1220
378,0.455662,-1.3957,-0.0963934,1221
790,0,0,0,1222
282,0.421297,-1.39717,-0.100794,1223
8,0,0,0,1224
544,0.385886,-1.39503,-0.104934,1225
451,0,0,0,1226
844,0.349496,-1.38919,-0.108795,1227
77,0,0,0,1228
599,0.312196,-1.37955,-0.11236,1229
784,0,0,0,1230
988,0.274055,-1.366,-0.115605,1231
248,0,0,0,1232
729,0.235147,-1.3484,-0.118509,1233
86,0,0,0,1234
948,0.195547,-1.3266,-0.121042,1235
627,0,0,0,1236
755,0.155344,-1.30038,-0.123173,1237
847,0,0,0,1238
409,0.114631,-1.26954,-0.124866,1239
925,0,0,0,1240
180,0.0735215,-1.23381,-0.126077,1241
808,0,0,0,1242
39,0.0321454,-1.19286,-0.126756,1243
267,0,0,0,1244
520,-0.00933702,-1.14633,-0.126841,1245
181,0,0,0,1246
264,-0.0507259,-1.09374,-0.126256,1247
216,0,0,0,1248
68,-0.0917635,-1.03453,-0.124908,1249
808,0,0,0,1250
960,-0.132107,-0.968008,-0.122675,1251
688,0,0,0,1252
714,-0.171286,-0.893269,-0.119402,1253
57,0,0,0,1254
962,-0.208623,-0.809157,-0.114876,1255
701,0,0,0,1256
524,-0.2431,-0.714124,-0.108799,1257
885,0,0,0,1258
185,-0.273086,-0.606025,-0.100732,1259
747,0,0,0,1260
878,-0.295747,-0.481773,-0.0899793,1261
512,0,0,0,1262
432,-0.305592,-0.336715,-0.0753413,1263
548,0,0,0,1264
399,-0.290114,-0.163803,-0.0544707,1265
108,0,0,0,1266
593,-0.21351,0.0435963,-0.022132,1267
499,0,0,0,1268
221,0.0277078,0.217392,0.0272658,1269
728,0,0,0,1270
676,0.248132,0.227697,0.0561581,1271
350,0,0,0,1272
876,0.418101,0.19166,0.0736211,1273
182,0,0,0,1274
913,0.554603,0.140262,0.0851833,1275
605,0,0,0,1276
215,0.66793,0.0829917,0.0931792,1277
456,0,0,0,1278
903,0.764057,0.0235786,0.0987693,1279
20,0,0,0,1280
1000,0.846712,-0.0362517,0.102612,1281
591,0,0,0,1282
521,0.918387,-0.0956099,0.105119,1283
579,0,0,0,1284
420,0.980838,-0.154003,0.106565,1285
382,0,0,0,1286
218,1.03535,-0.211144,0.107144,1287
465,0,0,0,1288
777,1.08291,-0.266857,0.106999,1289
993,0,0,0,1290
894,1.12428,-0.321033,0.106238,1291
926,0,0,0,1292
950,1.16007,-0.373602,0.104944,1293
603,0,0,0,1294
79,1.19076,-0.424518,0.103187,1295
544,0,0,0,1296
64,1.21678,-0.473749,0.10102,1297
453,0,0,0,1298
494,1.23845,-0.521271,0.098488,1299
814,0,0,0,1300
737,1.25606,-0.567067,0.0956303,1301
566,0,0,0,1302
989,1.26986,-0.611121,0.0924788,1303
4,0,0,0,1304
294,1.28005,-0.653417,0.0890613,1305
10,0,0,0,1306
13,1.28681,-0.693941,0.0854022,1307
571,0,0,0,1308
549,1.2903,-0.732675,0.0815229,1309
246,0,0,0,1310
537,1.29064,-0.769601,0.0774424,1311
344,0,0,0,1312
124,1.28797,-0.804697,0.0731777,1313
555,0,0,0,1314
319,1.28237,-0.837938,0.0687444,1315
403,0,0,0,1316
917,1.27393,-0.869297,0.0641566,1317
392,0,0,0,1318
691,1.26273,-0.898741,0.0594276,1319
582,0,0,0,1320
517,1.24883,-0.926235,0.0545695,1321
26,0,0,0,1322
302,1.2323,-0.951736,0.0495941,1323
911,0,0,0,1324
926,1.21316,-0.975198,0.0445124,1325
681,0,0,0,1326
233,1.19147,-0.996568,0.0393352,1327
403,0,0,0,1328
504,1.16725,-1.01579,0.0340731,1329
918,0,0,0,1330
728,1.14052,-1.03278,0.0287366,1331
68,0,0,0,1332
401,1.11131,-1.04749,0.0233361,1333
947,0,0,0,1334
512,1.07961,-1.05981,0.0178827,1335
152,0,0,0,1336
517,1.04543,-1.06965,0.0123874,1337
4,0,0,0,1338
557,1.00877,-1.07691,0.0068621,1339
469,0,0,0,1340
94,0.969602,-1.08145,0.00131952,1341
625,0,0,0,1342
122,0.927919,-1.08313,-0.00422655,1343
768,0,0,0,1344
635,0.883689,-1.08178,-0.00976082,1345
189,0,0,0,1346
191,0.836878,-1.07723,-0.0152661,1347
393,0,0,0,1348
569,0.787442,-1.06923,-0.0207226,1349
283,0,0,0,1350
15,0.735326,-1.05754,-0.0261075,1351
437,0,0,0,1352
792,0.68047,-1.04184,-0.0313935,1353
164,0,0,0,1354
293,0.6228,-1.02177,-0.0365477,1355
51,0,0,0,1356
361,0.562234,-0.99687,-0.0415293,1357
270,0,0,0,1358
131,0.498681,-0.966597,-0.046287,1359
310,0,0,0,1360
603,0.432041,-0.930256,-0.0507541,1361
792,0,0,0,1362
992,0.362215,-0.886957,-0.0548416,1363
586,0,0,0,1364
384,0.289112,-0.835529,-0.0584264,1365
569,0,0,0,1366
410,0.212688,-0.774372,-0.0613309,1367
861,0,0,0,1368
677,0.13301,-0.701208,-0.0632845,1369
362,0,0,0,1370
376,0.0504481,-0.612604,-0.0638446,1371
569,0,0,0,1372
176,-0.0338012,-0.502975,-0.0622135,1373
576,0,0,0,1374
360,-0.115917,-0.362257,-0.0567369,1375
975,0,0,0,1376
145,-0.181479,-0.169943,-0.0431795,1377
817,0,0,0,1378
744,-0.155519,0.108032,-0.00785689,1379
685,0,0,0,1380
748,0.0555316,0.257464,0.0368144,1381
287,0,0,0,1382
164,0.242713,0.296022,0.065632,1383
243,0,0,0,1384
322,0.396382,0.293653,0.0853756,1385
506,0,0,0,1386
490,0.524509,0.272329,0.0996081,1387
189,0,0,0,1388
900,0.632944,0.240758,0.110093,1389
99,0,0,0,1390
581,0.725548,0.203148,0.117816,1391
960,0,0,0,1392
969,0.804946,0.161828,0.123387,1393
530,0,0,0,1394
402,0.872996,0.118218,0.127213,1395
16,0,0,0,1396
593,0.931063,0.0732497,0.129577,1397
169,0,0,0,1398
400,0.980178,0.0275738,0.130689,1399
119,0,0,0,1400
953,1.02114,-0.0183329,0.130708,1401
392,0,0,0,1402
260,1.05456,-0.0641034,0.129756,1403
825,0,0,0,1404
653,1.08095,-0.109443,0.127933,1405
600,0,0,0,1406
23,1.10069,-0.154106,0.125319,1407
864,0,0,0,1408
143,1.1141,-0.197877,0.121979,1409
130,0,0,0,1410
821,1.12144,-0.240561,0.117969,1411
18,0,0,0,1412
916,1.1229,-0.281973,0.113336,1413
764,0,0,0,1414
175,1.11862,-0.321935,0.108119,1415
221,0,0,0,1416
854,1.10872,-0.360264,0.102354,1417
425,0,0,0,1418
408,1.09325,-0.396772,0.0960722,1419
962,0,0,0,1420
746,1.07226,-0.431259,0.0893005,1421
972,0,0,0,1422
656,1.04574,-0.463502,0.0820644,1423
89,0,0,0,1424
206,1.01365,-0.493257,0.0743875,1425
842,0,0,0,1426
663,0.9759,-0.52024,0.0662928,1427
730,0,0,0,1428
545,0.932387,-0.544125,0.0578032,1429
197,0,0,0,1430
532,0.882941,-0.564521,0.0489431,1431
29,0,0,0,1432
172,0.827346,-0.580958,0.0397396,1433
217,0,0,0,1434
620,0.765324,-0.59285,0.0302254,1435
129,0,0,0,1436
804,0.696523,-0.599458,0.0204416,1437
892,0,0,0,1438
584,0.620502,-0.599813,0.0104447,1439
875,0,0,0,1440
167,0.536709,-0.592611,0.000316183,1441
107,0,0,0,1442
61,0.444453,-0.576018,-0.00981735,1443
482,0,0,0,1444
451,0.342896,-0.547313,-0.0197445,1445
314,0,0,0,1446
117,0.231089,-0.502175,-0.0290788,1447
987,0,0,0,1448
441,0.108291,-0.433057,-0.0370245,1449
863,0,0,0,1450
63,-0.0242233,-0.324907,-0.0416332,1451
879,0,0,0,1452
701,-0.151156,-0.14249,-0.0367252,1453
162,0,0,0,1454
63,-0.147617,0.162877,-0.000128411,1455
683,0,0,0,1456
847,-0.0314618,0.344034,0.0365663,1457
821,0,0,0,1458
218,0.0908164,0.458726,0.0661966,1459
611,0,0,0,1460
631,0.206156,0.538147,0.0907372,1461
167,0,0,0,1462
441,0.31313,0.595613,0.111576,1463
799,0,0,0,1464
865,0.412156,0.637877,0.129567,1465
345,0,0,0,1466
761,0.503925,0.668842,0.145263,1467
228,0,0,0,1468
589,0.589091,0.690984,0.159042,1469
929,0,0,0,1470
149,0.66821,0.705981,0.171177,1471
211,0,0,0,1472
647,0.741744,0.71503,0.181871,1473
989,0,0,0,1474
833,0.810076,0.719022,0.191277,1475
89,0,0,0,1476
96,0.873521,0.718637,0.199519,1477
797,0,0,0,1478
688,0.932341,0.71441,0.206695,1479
664,0,0,0,1480
695,0.986753,0.706773,0.212884,1481
714,0,0,0,1482
691,1.03694,0.696076,0.218151,1483
642,0,0,0,1484
275,1.08305,0.682612,0.222551,1485
407,0,0,0,1486
696,1.1252,0.666628,0.22613,1487
585,0,0,0,1488
848,1.1635,0.648335,0.228925,1489
225,0,0,0,1490
941,1.19803,0.627914,0.230969,1491
367,0,0,0,1492
544,1.22884,0.605525,0.232289,1493
636,0,0,0,1494
818,1.25599,0.581307,0.232907,1495
682,0,0,0,1496
393,1.27951,0.555386,0.232843,1497
947,0,0,0,1498
819,1.2994,0.527874,0.232112,1499
135,0,0,0,1500
86,1.31567,0.498874,0.230727,1501
408,0,0,0,1502
886,1.32831,0.46848,0.228697,1503
813,0,0,0,1504
890,1.3373,0.43678,0.22603,1505
161,0,0,0,1506
357,1.34258,0.403857,0.222729,1507
377,0,0,0,1508
333,1.34411,0.369791,0.218798,1509
378,0,0,0,1510
460,1.3418,0.334659,0.214236,1511
345,0,0,0,1512
146,1.33557,0.298537,0.209041,1513
265,0,0,0,1514
799,1.32532,0.261504,0.203208,1515
287,0,0,0,1516
972,1.31089,0.22364,0.196729,1517
819,0,0,0,1518
183,1.29214,0.185031,0.189595,1519
615,0,0,0,1520
764,1.26887,0.145768,0.181791,1521
188,0,0,0,1522
646,1.24086,0.105956,0.173301,1523
969,0,0,0,1524
61,1.20783,0.0657116,0.164105,1525
231,0,0,0,1526
674,1.16948,0.0251747,0.154178,1527
587,0,0,0,1528
562,1.1254,-0.0154863,0.143491,1529
366,0,0,0,1530
126,1.07512,-0.0560614,0.132008,1531
751,0,0,0,1532
347,1.01806,-0.0962807,0.119688,1533
66,0,0,0,1534
640,0.953495,-0.135785,0.106479,1535
291,0,0,0,1536
928,0.880481,-0.174081,0.0923218,1537
941,0,0,0,1538
962,0.797803,-0.210457,0.0771467,1539
259,0,0,0,1540
489,0.703813,-0.243838,0.0608735,1541
107,0,0,0,1542
703,0.59621,-0.272487,0.0434191,1543
30,0,0,0,1544
699,0.471619,-0.293351,0.0247243,1545
157,0,0,0,1546
802,0.324842,-0.300388,0.00486415,1547
903,0,0,0,1548
278,0.147735,-0.279338,-0.0154509,1549
925,0,0,0,1550
356,-0.0671157,-0.186837,-0.0318138,1551
171,0,0,0,1552
231,-0.215036,0.0918632,-0.0164715,1553
1,0,0,0,1554
269,-0.227692,0.312798,0.00922844,1555
564,0,0,0,1556
933,-0.208485,0.49002,0.0336387,1557
739,0,0,0,1558
573,-0.178118,0.641115,0.0562555,1559
900,0,0,0,1560
223,-0.142861,0.774771,0.077342,1561
195,0,0,0,1562
28,-0.105228,0.895777,0.0971657,1563
183,0,0,0,1564
742,-0.066408,1.00706,0.115935,1565
16,0,0,0,1566
1000,-0.0270309,1.11057,0.133809,1567
863,0,0,0,1568
304,0.0125468,1.20765,0.150909,1569
293,0,0,0,1570
401,0.0521124,1.29931,0.167331,1571
919,0,0,0,1572
130,0.0915351,1.3863,0.183151,1573
26,0,0,0,1574
610,0.130733,1.46921,0.198433,1575
860,0,0,0,1576
572,0.169653,1.54851,0.213227,1577
512,0,0,0,1578
191,0.208265,1.62458,0.227577,1579
2,0,0,0,1580
111,0.246547,1.69774,0.241519,1581
130,0,0,0,1582
573,0.28449,1.76826,0.255084,1583
224,0,0,0,1584
959,0.322088,1.83635,0.268301,1585
752,0,0,0,1586
565,0.35934,1.90223,0.281193,1587
707,0,0,0,1588
566,0.396248,1.96604,0.29378,1589
671,0,0,0,1590
534,0.432814,2.02794,0.306081,1591
893,0,0,0,1592
476,0.469044,2.08806,0.318114,1593
608,0,0,0,1594
528,0.504944,2.14651,0.329892,1595
636,0,0,0,1596
4,0.540518,2.20338,0.341428,1597
720,0,0,0,1598
959,0.575774,2.25879,0.352736,1599
314,0,0,0,1600
500,0.610719,2.31279,0.363826,1601
75,0,0,0,1602
659,0.645359,2.36547,0.374708,1603
506,0,0,0,1604
298,0.679701,2.4169,0.385391,1605
156,0,0,0,1606
150,0.713751,2.46713,0.395883,1607
407,0,0,0,1608
997,0.747515,2.51623,0.406193,1609
670,0,0,0,1610
376,0.781002,2.56423,0.416327,1611
113,0,0,0,1612
128,0.814215,2.6112,0.426292,1613
590,0,0,0,1614
217,0.847162,2.65716,0.436094,1615
301,0,0,0,1616
755,0.879848,2.70218,0.44574,1617
167,0,0,0,1618
538,0.912279,2.74627,0.455233,1619
885,0,0,0,1620
39,0.94446,2.78947,0.46458,1621
988,0,0,0,1622
780,0.976397,2.83183,0.473785,1623
851,0,0,0,1624
213,1.0081,2.87336,0.482852,1625
245,0,0,0,1626
152,1.03956,2.9141,0.491786,1627
476,0,0,0,1628
50,1.07079,2.95407,0.500591,1629
500,0,0,0,1630
699,1.1018,2.9933,0.509269,1631
567,0,0,0,1632
944,1.13259,3.0318,0.517825,1633
549,0,0,0,1634
445,1.16316,3.06961,0.526262,1635
63,0,0,0,1636
917,1.19352,3.10675,0.534583,1637
387,0,0,0,1638
123,1.22368,3.14322,0.542791,1639
471,0,0,0,1640
714,1.25362,3.17906,0.550888,1641
199,0,0,0,1642
124,1.28337,3.21428,0.558878,1643
489,0,0,0,1644
949,1.31292,3.24889,0.566763,1645
58,0,0,0,1646
576,1.34228,3.28292,0.574546,1647
486,0,0,0,1648
734,1.37144,3.31637,0.582228,1649
660,0,0,0,1650
363,1.40042,3.34926,0.589812,1651
850,0,0,0,1652
141,1.42922,3.38161,0.597299,1653
414,0,0,0,1654
889,1.45784,3.41342,0.604693,1655
865,0,0,0,1656
701,1.48627,3.44472,0.611995,1657
372,0,0,0,1658
907,1.51454,3.4755,0.619206,1659
725,0,0,0,1660
33,1.54263,3.50579,0.626329,1661
859,0,0,0,1662
608,1.57055,3.5356,0.633366,1663
621,0,0,0,1664
24,1.59831,3.56493,0.640317,1665
891,0,0,0,1666
310,1.6259,3.59379,0.647184,1667
45,0,0,0,1668
494,1.65332,3.6222,0.653969,1669
119,0,0,0,1670
565,1.68059,3.65016,0.660674,1671
580,0,0,0,1672
466,1.7077,3.67768,0.6673,1673
684,0,0,0,1674
930,1.73466,3.70478,0.673847,1675
252,0,0,0,1676
603,1.76147,3.73145,0.680318,1677
531,0,0,0,1678
126,1.78812,3.75771,0.686714,1679
210,0,0,0,1680
282,1.81462,3.78357,0.693036,1681
219,0,0,0,1682
901,1.84098,3.80902,0.699284,1683
716,0,0,0,1684
127,1.86719,3.83409,0.705461,1685
653,0,0,0,1686
202,1.89326,3.85877,0.711567,1687
251,0,0,0,1688
274,1.91919,3.88307,0.717603,1689
127,0,0,0,1690
15,1.94498,3.907,0.723571,1691
180,0,0,0,1692
175,1.97063,3.93056,0.729471,1693
995,0,0,0,1694
436,1.99615,3.95377,0.735304,1695
931,0,0,0,1696
142,2.02153,3.97662,0.741071,1697
180,0,0,0,1698
326,2.04678,3.99912,0.746774,1699
859,0,0,0,1700
116,2.0719,4.02128,0.752412,1701
136,0,0,0,1702
45,2.09689,4.04311,0.757987,1703
573,0,0,0,1704
373,2.12175,4.0646,0.7635,1705
983,0,0,0,1706
915,2.14648,4.08576,0.768951,1707
137,0,0,0,1708
244,2.17109,4.1066,0.774342,1709
315,0,0,0,1710
60,2.19557,4.12712,0.779672,1711
645,0,0,0,1712
848,2.21993,4.14732,0.784943,1713
915,0,0,0,1714
535,2.24417,4.16722,0.790156,1715
76,0,0,0,1716
215,2.26829,4.18681,0.79531,1717
411,0,0,0,1718
184,2.29229,4.2061,0.800407,1719
216,0,0,0,1720
826,2.31617,4.22509,0.805448,1721
761,0,0,0,1722
375,2.33994,4.24379,0.810433,1723
151,0,0,0,1724
213,2.36359,4.2622,0.815362,1725
171,0,0,0,1726
56,2.38712,4.28032,0.820237,1727
595,0,0,0,1728
465,2.41054,4.29816,0.825057,1729
531,0,0,0,1730
360,2.43385,4.31573,0.829824,1731
448,0,0,0,1732
379,2.45705,4.33301,0.834538,1733
90,0,0,0,1734
172,2.48014,4.35002,0.8392,1735
191,0,0,0,1736
392,2.50312,4.36677,0.843809,1737
936,0,0,0,1738
150,2.52599,4.38324,0.848367,1739
297,0,0,0,1740
376,2.54876,4.39946,0.852874,1741
665,0,0,0,1742
757,2.57142,4.41541,0.857331,1743
280,0,0,0,1744
574,2.59397,4.43111,0.861738,1745
988,0,0,0,1746
981,2.61642,4.44656,0.866095,1747
21,0,0,0,1748
179,2.63876,4.46175,0.870404,1749
243,0,0,0,1750
570,2.661,4.47669,0.874663,1751
759,0,0,0,1752
578,2.68314,4.49139,0.878875,1753
974,0,0,0,1754
224,2.70518,4.50584,0.883039,1755
421,0,0,0,1756
641,2.72712,4.52005,0.887156,1757
428,0,0,0,1758
475,2.74896,4.53402,0.891226,1759
837,0,0,0,1760
869,2.77069,4.54776,0.895249,1761
401,0,0,0,1762
871,2.79234,4.56126,0.899227,1763
678,0,0,0,1764
572,2.81388,4.57453,0.903158,1765
823,0,0,0,1766
505,2.83533,4.58758,0.907045,1767
759,0,0,0,1768
29,2.85668,4.60039,0.910886,1769
522,0,0,0,1770
919,2.87793,4.61298,0.914683,1771
819,0,0,0,1772
343,2.89909,4.62535,0.918436,1773
961,0,0,0,1774
726,2.92016,4.63749,0.922145,1775
27,0,0,0,1776
982,2.94113,4.64942,0.925811,1777
707,0,0,0,1778
261,2.96201,4.66113,0.929433,1779
548,0,0,0,1780
537,2.9828,4.67262,0.933012,1781
647,0,0,0,1782
929,3.00349,4.68391,0.936549,1783
975,0,0,0,1784
312,3.0241,4.69498,0.940044,1785
472,0,0,0,1786
522,3.04461,4.70584,0.943496,1787
99,0,0,0,1788
107,3.06504,4.71649,0.946907,1789
49,0,0,0,1790
210,3.08537,4.72694,0.950277,1791
740,0,0,0,1792
932,3.10562,4.73718,0.953606,1793
717,0,0,0,1794
815,3.12577,4.74723,0.956894,1795
839,0,0,0,1796
255,3.14584,4.75707,0.960141,1797
261,0,0,0,1798
645,3.16583,4.76671,0.963348,1799
73,0,0,0,1800
69,3.18572,4.77615,0.966515,1801
847,0,0,0,1802
237,3.20553,4.7854,0.969643,1803
658,0,0,0,1804
163,3.22525,4.79445,0.972731,1805
965,0,0,0,1806
124,3.24489,4.80331,0.97578,1807
878,0,0,0,1808
277,3.26444,4.81198,0.97879,1809
871,0,0,0,1810
188,3.28391,4.82046,0.981762,1811
161,0,0,0,1812
974,3.30329,4.82875,0.984695,1813
279,0,0,0,1814
515,3.32259,4.83685,0.98759,1815
43,0,0,0,1816
25,3.34181,4.84477,0.990447,1817
210,0,0,0,1818
430,3.36094,4.8525,0.993266,1819
32,0,0,0,1820
693,3.37999,4.86005,0.996047,1821
55,0,0,0,1822
985,3.39896,4.86741,0.998792,1823
994,0,0,0,1824
939,3.41785,4.8746,1.0015,1825
994,0,0,0,1826
810,3.43665,4.88161,1.00417,1827
555,0,0,0,1828
789,3.45538,4.88844,1.0068,1829
326,0,0,0,1830
624,3.47402,4.89509,1.0094,1831
335,0,0,0,1832
37,3.49258,4.90156,1.01196,1833
867,0,0,0,1834
30,3.51106,4.90786,1.01449,1835
186,0,0,0,1836
178,3.52947,4.91399,1.01698,1837
590,0,0,0,1838
27,3.54779,4.91995,1.01943,1839
34,0,0,0,1840
362,3.56603,4.92573,1.02185,1841
18,0,0,0,1842
655,3.5842,4.93134,1.02423,1843
450,0,0,0,1844
391,3.60228,4.93679,1.02658,1845
389,0,0,0,1846
133,3.62029,4.94206,1.02889,1847
159,0,0,0,1848
838,3.63822,4.94717,1.03117,1849
900,0,0,0,1850
845,3.65607,4.95212,1.03341,1851
916,0,0,0,1852
91,3.67385,4.95689,1.03562,1853
898,0,0,0,1854
537,3.69155,4.96151,1.03779,1855
982,0,0,0,1856
115,3.70917,4.96596,1.03993,1857
508,0,0,0,1858
573,3.72671,4.97025,1.04204,1859
24,0,0,0,1860
923,3.74418,4.97438,1.04411,1861
193,0,0,0,1862
646,3.76157,4.97835,1.04615,1863
986,0,0,0,1864
69,3.77889,4.98216,1.04816,1865
232,0,0,0,1866
922,3.79613,4.98581,1.05013,1867
874,0,0,0,1868
676,3.81329,4.9893,1.05207,1869
364,0,0,0,1870
270,3.83038,4.99264,1.05398,1871
375,0,0,0,1872
146,3.84739,4.99582,1.05585,1873
718,0,0,0,1874
917,3.86433,4.99884,1.05769,1875
448,0,0,0,1876
854,3.88119,5.00172,1.0595,1877
661,0,0,0,1878
542,3.89798,5.00443,1.06127,1879
599,0,0,0,1880
390,3.9147,5.007,1.06302,1881
923,0,0,0,1882
955,3.93134,5.00942,1.06473,1883
872,0,0,0,1884
426,3.94791,5.01168,1.06641,1885
264,0,0,0,1886
3,3.9644,5.0138,1.06805,1887
142,0,0,0,1888
114,3.98082,5.01576,1.06967,1889
675,0,0,0,1890
535,3.99716,5.01758,1.07125,1891
304,0,0,0,1892
842,4.01344,5.01925,1.0728,1893
399,0,0,0,1894
971,4.02964,5.02077,1.07433,1895
22,0,0,0,1896
419,4.04576,5.02214,1.07581,1897
413,0,0,0,1898
745,4.06182,5.02337,1.07727,1899
558,0,0,0,1900
175,4.0778,5.02446,1.0787,1901
580,0,0,0,1902
85,4.0937,5.0254,1.0801,1903
957,0,0,0,1904
550,4.10954,5.0262,1.08146,1905
479,0,0,0,1906
286,4.1253,5.02685,1.0828,1907
335,0,0,0,1908
631,4.14099,5.02737,1.0841,1909
487,0,0,0,1910
828,4.15661,5.02774,1.08537,1911
410,0,0,0,1912
392,4.17216,5.02797,1.08662,1913
359,0,0,0,1914
50,4.18763,5.02806,1.08783,1915
703,0,0,0,1916
769,4.20303,5.02801,1.08901,1917
894,0,0,0,1918
133,4.21836,5.02782,1.09016,1919
223,0,0,0,1920
501,4.23362,5.02749,1.09129,1921
639,0,0,0,1922
119,4.24881,5.02703,1.09238,1923
916,0,0,0,1924
801,4.26393,5.02643,1.09344,1925
639,0,0,0,1926
980,4.27897,5.02569,1.09448,1927
943,0,0,0,1928
104,4.29394,5.02482,1.09548,1929
422,0,0,0,1930
936,4.30884,5.02381,1.09645,1931
939,0,0,0,1932
179,4.32367,5.02266,1.0974,1933
473,0,0,0,1934
907,4.33843,5.02139,1.09831,1935
329,0,0,0,1936
984,4.35312,5.01997,1.0992,1937
495,0,0,0,1938
624,4.36774,5.01843,1.10006,1939
194,0,0,0,1940
532,4.38228,5.01675,1.10088,1941
123,0,0,0,1942
808,4.39676,5.01494,1.10168,1943
631,0,0,0,1944
405,4.41116,5.013,1.10245,1945
847,0,0,0,1946
866,4.42549,5.01093,1.1032,1947
190,0,0,0,1948
11,4.43975,5.00873,1.10391,1949
257,0,0,0,1950
462,4.45394,5.0064,1.10459,1951
460,0,0,0,1952
200,4.46806,5.00393,1.10525,1953
257,0,0,0,1954
210,4.48211,5.00134,1.10587,1955
485,0,0,0,1956
309,4.49609,4.99862,1.10647,1957
963,0,0,0,1958
317,4.51,4.99578,1.10704,1959
154,0,0,0,1960
333,4.52384,4.9928,1.10758,1961
74,0,0,0,1962
570,4.5376,4.9897,1.1081,1963
853,0,0,0,1964
759,4.5513,4.98647,1.10858,1965
393,0,0,0,1966
512,4.56492,4.98312,1.10904,1967
149,0,0,0,1968
33,4.57848,4.97964,1.10947,1969
652,0,0,0,1970
769,4.59196,4.97603,1.10987,1971
436,0,0,0,1972
77,4.60537,4.9723,1.11025,1973
696,0,0,0,1974
445,4.61871,4.96845,1.11059,1975
758,0,0,0,1976
816,4.63198,4.96447,1.11091,1977
401,0,0,0,1978
352,4.64518,4.96037,1.1112,1979
260,0,0,0,1980
307,4.65831,4.95614,1.11146,1981
250,0,0,0,1982
906,4.67137,4.95179,1.1117,1983
302,0,0,0,1984
431,4.68435,4.94732,1.11191,1985
747,0,0,0,1986
380,4.69727,4.94273,1.11209,1987
679,0,0,0,1988
91,4.71011,4.93802,1.11224,1989
422,0,0,0,1990
511,4.72289,4.93319,1.11237,1991
348,0,0,0,1992
451,4.73559,4.92823,1.11247,1993
87,0,0,0,1994
780,4.74822,4.92316,1.11254,1995
466,0,0,0,1996
930,4.76078,4.91796,1.11258,1997
742,0,0,0,1998
406,4.77327,4.91265,1.1126,1999
610,0,0,0,2000
80,4.78568,4.90721,1.11259,2001
872,0,0,0,2002
